<?xml version="1.0" encoding="UTF-8"?>
<knimeNode icon="./classilist-icon.png" type="Sink" xmlns="http://knime.org/node/v2.8" xmlns:xsi="http://www.w3.org/2001/XMLSchema-instance" xsi:schemaLocation="http://knime.org/node/v2.10 http://knime.org/node/v2.10.xsd">
    <name>Classilist</name>
    
    <shortDescription>
        Connector Node for KNIME and Classilist application for probabilistic classification results developed under a GSoC'16 Project at CSE@TUWien.
    </shortDescription>
    
    <fullDescription>
        <intro>
        
        
        
		</intro>
        
        
        <tab name="Settings">
        	<option name="Classilist Installation URI">Specifies the installation directory of Claasilist Application</option>
        </tab>
    </fullDescription>
    
    <ports>
        <inPort index="0" name="In-Port name">Description of first input port...</inPort>
    </ports>    
</knimeNode>
